movie_id,title,imdb_id,avg_rating,user_tags,top_relevant_tags
139,Target (1995),114618,3.1041666666666665,,
568,Bhaji on the Beach (1993),106408,3.553030303030303,"directorial debut, independent film, indian lead, woman director","england, london, indians, original, british comedy"
1900,Children of Heaven  The (Bacheha-Ye Aseman) (1997),118849,3.9916666666666667,"In Netflix queue, Iran, Majid Majidi, Middle East, Oscar Nominee: Foreign Language (Iran), Tehran, brother sister relationship, children, class, competition, disappointing, foot race, kids, overrated, poverty, race, realistic, sad, shoes, sibling relationship, siblings, slow, socks","iran, poverty, foreign, islam, heartbreaking"
2284,Bandit Queen (1994),109206,3.7064935064935063,"Shekhar Kapur, bandit, class issues, foreign, guerrilla warfare, militant, poverty, racism, sad, social issues, strong woman","brutality, poignant, indians, rape, vengeance"
5985,Asoka (Ashoka the Great) (2001),249371,2.995575221238938,"Bibliothek, Biography, History, Religion, Santosh Sivan, ancient world, buddhism, commander, emperor, historical drama, india, reue","indians, india, bollywood, cinematography, good soundtrack"
6244,Salaam Bombay! (1988),96028,3.8577348066298343,"BD-R, Bombay, In Netflix queue, India, MOTHERS AND DAUGHTERS, Mira Nair, Mumbai, brothel, dark side of India, drugs, festivals, injustice, institutions, netflix, pimps, poverty, prostitution, runaway, singing, street children, street life, tea, urban, woman director","poverty, homeless, drug abuse, prostitution, indians"
6674,War and Peace (Jang Aur Aman) (2001),311356,2.625,,
6683,Fire (1996),116308,3.6348684210526314,"Deepa Mehta, India, arranged marriage, bollywood, class issues, coming out, foreign, hinduism, homosexuality, india, indian lgbt, infidelity, lesbian, lesbian relationship, less than 300 ratings, lgbt, politics, queer, social commentary, wife husband relationship, woman director","indians, lesbian, women, social commentary, india"
8971,Veer Zaara (2004),420332,3.542056074766355,"PG, Yash Chopra, class society, india, kashmir conflict, love of one's life, netflix, pakistan, pilot, romance","indians, india, love story, bollywood, love"
27131,Dil Se (1998),164538,3.4444444444444446,"Drama, Love, Mani Ratnam, Manisha Koirala, Shahrukh Khan, Story, bomb, cyanide pill, love, love at first sight, sexuality, suicide bomber, terror, terrorist attack, terrorist bombing, violence, war trauma",
27163,Something Is Happening (Kuch Kuch Hota Hai) (1998),172684,3.76,"Romance, bollywood, childhood friends, falling in love, friendship bracelet, love, soulmates, unhappiness","bollywood, love, indians, love story, fun movie"
27326,Devdas (2002),238936,3.340909090909091,"Acting, Aishwarya Rai, Based on a book, Sanjay Leela Bhansali, Shahrukh Khan, Story, based on novel or book","stunning, bollywood, story, indians, visual"
27362,Sometimes Happiness  Sometimes Sorrow (Kabhi Khushi Kabhie Gham) (2001),248126,3.608527131782946,"Amitabh Bachcan, Comedy, Drama, Family Reltionships, Indian, Karan Johar, Multigenerational, Musical, Romance, Shahrukh Khan, bollywood, family conflict, forbidden love, parent child relationship, reunion","bollywood, family drama, indians, mother-son relationship, india"
27518,D.C.H. (Dil Chahta Hai) (2001),292490,3.8375,"bollywood, bromance, comedy, friendship","friendship, unlikely friendships, relationships, bollywood, love"
27729,Kal Ho Naa Ho (2003),347304,3.784090909090909,"Best, Heart Warming, Humour, New York City, Relentless Pure Love, Romedy, Shah Rukh Khan, bollywood, musical, new york","bollywood, new york, indians, love story, love"
30905,Bomb the System (2002),337585,2.6153846153846154,"art, corruption, graffiti, hip-hop, independent film, overly dramatic, painter, police brutality",
31600,Deceivers  The (1988),94979,3.25,"19th century, BD-R, Criterion, Nicholas Meyer, arrest, british, colonel, hindu, india, murder, muslim, revenge, secret society, tiger, wedding",
33688,Parineeta (2005),437407,3.361111111111111,PG,"indians, bollywood, amazing cinematography, stunning, original"
34435,Sholay (1975),73707,3.668639053254438,"Action, Gabbar, Hema Malini, Hindi, Ramesh Sippy, Train Fight, amitabh, bandit, bollywood, fight, masala, police, village, हिन्दी","indians, bollywood, india, storytelling, tragedy"
34466,Hum Dil De Chuke Sanam (1999),150992,3.3333333333333335,"Sanjay Leela Bhansali, faith, hindu, hinduism, love of one's life, singer, tradition",
35828,Black (2005),375611,3.5,"Sanjay Leela Bhansali, blind, deaf, mute, ray of light, tale, teacher",
36083,Main Hoon Na (2004),347473,3.306451612903226,"Foreign, bollywood","bollywood, family drama, good action, indians, original"
36086,Dilwale Dulhania Le Jayenge (1995),112870,3.7745098039215685,"Aditya Chopra, Amrish Puri, Anupam Kher, Bollywood, Comedy, India, ShahRukh Khan, Superhit, acting, bollywood, father-son relationship, lame, mother daughter relationship, musical, romance, romance boygirl dancing, some over acting, songs","indians, bollywood, india, love story, romantic"
41650,Mother India (1957),50188,3.875,"Coming of the age, Drama, Great Acting, Nargis, Social Commentary, aridity, bodily disabled person, field, hunger, interest, mother, musical, peasant, physical work, praise, pride and vanity, rage and hate",
42208,Paheli (2005),451850,2.8676470588235294,"adapted from:book, author: Vijayadan Detha",
45036,Chess Players  The (Shatranj Ke Khilari) (1977),76696,3.59375,"19th century, Satyajit Ray, based on short story, bollywood, chess, colonial india",
46770,Krrish (2006),432637,2.882978723404255,"Bollywood, Hrithik Roshan, Priyanka Chopra, beloved character dies pointlessly, long, seeing the future, seen, superhero",
48239,Yuva (2004),382383,3.42,"Mani Ratnam, gangster, model, students' movement, youth power",
50279,My Bollywood Bride (2006),397551,2.5,"actress, bollywood, celebrity, india, indian lead, love at first sight",
51884,Namesake  The (2006),433416,3.7005163511187606,"BGAB LRC, DISCOVERING ONE'S HERITAGE, Irrfan Khan, Kal Penn, Mira Nair, PG-13, PG13, Potential Oscar Nom 2008, Sahira Nair, Seen 2007, Tabu, Zuleikha Robinson, absurd, based on a book, bittersweet, bollywood, boring, cinematography, coming of age, culture clash, director female, director poc, ethnocentric, family, focused on race, good characters, good start/poor finish, great cinematography, great performances, heartwarming, heritage, immigrant story, immigrants, inconsistent, independent film, indian lead, interracial romance, large scope, library, literature, love, meek, memorable, netflix, pacing, pretentious, pseudo-intellectual, real, seen 2010, seen at the cinema, simple, slow, too ambitious, touching, underdog, woman director","indians, culture clash, immigrants, touching, based on a book"
52182,Eklavya: The Royal Guard (2007),459605,2.35,,
55098,Paint It Yellow (Rang De Basanti) (2006),405508,3.9783549783549783,"11/11, India, Rakesh Omprakash Mehra, bollywood, celebration, india, new delhi india, patriotic, social cause, student, students' movement, war of independence, youth","india, bollywood, indians, great acting, fighting the system"
56167,Om Shanti Om (2007),1024943,3.1875,"1970s, Bollywood, Indian, ShahRukh Khan, Stupid as Hell, acting debut, bad acting, bollywood, bombay india, dance, dancing, in jokes, irritating, musical, overacting, shahrukh khan, woman director","bollywood, good music, indians, dancing, original"
57183,Like Stars on Earth (Taare Zameen Par) (2007),986264,4.0,"Aamir Khan, Director: Aamir Khan, Director: Amole Gupte, Dyslexia, Hindi, Inspirational, Like Stars on Earth (2007), Writer: Amole Gupte, boarding school, bollywood, childhood, children, cinematography, convincing child actor, dyslexia, education, family, father, india, jealousy, little boy, netflix queue, painter, parent child relationship, parents, story, superb acting, synesthesia, teacher, teachers and students","bollywood, childhood, children, parenthood, masterpiece"
58111,Jodhaa Akbar (2008),449994,3.671171171171171,"16th century, bollywood, classic, domineering mother, emperor, epic, hindu, hindu muslim conflict, historical, kingdom, less than 300 ratings, love after marriage, marriage crisis, marriage of alliance, moghol empire, mughal empire, rajput princess, sword fight, wife husband relationship","amazing photography, historical, sword fight, love story, history"
58933,Saawariya (2007),758053,2.712121212121212,"Bollywood, Dostoyevsky, bad acting, canal, idiot characters, musical, romance",
64650,Marriage Made in Heaven  A (Rab Ne Bana Di Jodi) (2008),1182937,3.5822784810126582,"May-December romance, bollywood, dancing, marriage","bollywood, dancing, marriage, love story, love"
69136,Don (1978),77451,3.764705882352941,"Amitabh Bachchan, Chandra Barot, India, look-alike, mistaken identity, undercover cop","life philosophy, bollywood, cool, fight scenes, fast paced"
69187,Billu (2009),1230448,2.564516129032258,"Hindi Comedy, India, Salman, actor, barber, barbershop, friendship, india, netflix, remake, reunited friends, school friend, small town, superstar",
69269,Salaam Namaste (2005),456165,2.710526315789474,"Australia, India, Salman Khan, bollywood, hindi, india, indian",
71444,Thirst (Pyaasa) (1957),50870,3.764705882352941,"Guru Dutt, depression, greed, poet, poetry, prostitute, publishing, struggling artist",
71460,Wanted (2009),1084972,3.4197860962566846,"Aayesha Takia, Action, Mahesh Manjrekar, Prakash Raj, easily confused with other movie(s) (title), gang war, undercover police","good action, action, undercover cop, bollywood, violence"
71688,Jab We Met (2007),1093370,3.77007299270073,"Himachal Pradesh, Imtiaz Ali, India, Music, Sentimental, Twist ending, bhangra, bollywood, calamity, india, kareena kapoor, love, love of one's life, manic pixie dream girl, overacting, shahid kapoor, sikh, train, unexpected happiness","bollywood, love story, good soundtrack, love, train"
72325,Paper Flowers (Kaagaz Ke Phool) (1959),52954,3.25,flowers,
72587,Pure One (Pakeezah) (1972),67546,3.5,bollywood,
72953,Less of Sugar (Cheeni Kum) (2007),976026,3.09375,"Hindi, Indian, bollywood",
73051,Guru (2007),499375,3.6724137931034484,"Abhishek Bachchan, India, Mani Ratnam, Mumbai, biography, business, idealism, industrialist, rags to riches, rise to power, tycoon","rags to riches, biopic, indians, mentor, bollywood"
73170,Aaja Nachle (2007),986213,2.706896551724138,"bollywood, dance performance, love, stage show, underdog",
73513,Swades: We  the People (Our Country) (2004),367110,3.895705521472393,"Ashutosh Gowariker, Drama, India, Message, NASA, Patriotism, Shahrukh Khan, Social Commentary, acting, india, romantic, small town, story","india, indians, bollywood, mentor, melancholic"
73881,3 Idiots (2009),1187043,3.928622668579627,"All_Is_Well, Amazing display of friendship, Funny, IIT Life, India, Indian, Rajkumar Hirani, aamir khan, bad acting, based on a book, bollywood, college, comedy, drama, education, engineering, extremely stupid humor, family relations, friends, friendship, horrible plot, human nature, imdb top 250, inspirational, inventor, life, nerd, product placement, romance, science, self made, student, subjective camera, suicide, suicide attempt, teacher","bollywood, imdb top 250, india, friendship, college"
73900,Hum Tum (2004),378072,3.5,"airplane, bollywood, comedy, comic-strip artist, loss of loved one, new delhi india, paris",
74404,Hero: Love Story of a Spy  The (2003),347167,2.590909090909091,"india, kashmir, one man army, pakistan, secret mission, snow, spy, terrorist, undercover agent",
74406,Lucky: No Time For Love (2005),449306,2.9285714285714284,,
74426,Mohabbatein (2000),213890,3.1186440677966103,"Aditya Chopra, ShahRukh Khan, becoming an adult, bollywood, discipline, elite, forbidden love, musical, principal, school life, teachers and students, teenager, tradition, youth","love, bollywood, love story, musical, teen movie"
74641,Singh Is Kinng (2008),1146325,2.872093023255814,"India, bollywood, comedy romance, hindi, indian",
74787,My Name is Khan (2010),1188996,3.6033898305084744,"Bollywood, Kajol, Shahrukh Khan, bollywood, cheesy, long, sad, shahrukh khan, stereotypes, touching","bollywood, touching, emotional, natural disaster, islam"
76051,Delhi-6 (2009),1043451,2.864864864864865,bollywood,
76056,New York (2009),1328634,3.09375,"bollywood, crime, new york, thriller, war on terror",
76132,B.N.B. (Bunty Aur Babli) (2005),448206,3.1447368421052633,"Bollywood, Hindi, cons and scams, hoodlum, india",
76238,One 2 Ka 4 (2001),227194,2.227272727272727,"bollywood, cop, drug lord, family",
76241,Shakthi: The Power (2002),331639,2.6363636363636362,"cameo, family relationships, loss of loved one, railroad track, remake, tough guy, village",
76269,Chalte Chalte (2003),346723,2.8333333333333335,"car crash, fashion designer",
76291,Karan Arjun (1995),113526,2.9722222222222223,bollywood,
77210,Hum Tumhare Hain Sanam (2002),222024,2.0357142857142856,K.S. Adiyaman,
78192,Firaaq (2008),1263679,3.5,"Gujarat, Hinduism, Islam, Islamophobia, arson, guns, religion, woman director",
78196,Chhoti Si Baat (1975),72777,3.238095238095238,"Bollywood, Bombay, accountants, bollywood, motorcycle, romantic comedy",
78408,Salaam-E-Ishq (2007),485272,2.7222222222222223,"ARRANGED MARRIAGES, Bollywood, Islamophobia, London, amnesia, blonde, bollywood, dance, episodic, long, love, musical, romance, taxi, wedding",
78410,Chance Pe Dance (2010),1392744,2.264705882352941,"Bollywood, Tacones lejanos, children, dance, duringcreditsstinger, formulaic, hindi, india, indian, talent contest",
78488,Dhoondte Reh Jaoge (2009),1391544,2.0,,
78557,Aladin (2009),1227762,2.5,"Amitabh Bachchan, genie, magic",
78873,Accident on Hill Road (2010),1570417,4.0,,
79195,Raincoat (2004),405266,2.9166666666666665,bollywood,
79507,Amar Akbar Anthony (1977),75669,3.703125,"bollywood, filmfare",
79838,Ankur (The Seedling) (1974),71145,3.875,"India, caste system, class conflict, village life",
79974,Pyaar Impossible (2010),1351224,2.375,,
80777,Tere Naam (2003),374271,3.25,"Emotional, Salman Khan, True Love",
81087,Luck by Chance (2009),886539,3.0526315789473686,"bollywood, woman director",
81111,Peepli Live (2010),1447508,3.4318181818181817,"media circus, woman director",
81671,Tramp  The (Awaara) (Awara) (1951),43306,3.138888888888889,"Raj Kapoor, classic, courtroom, flashback, indian, musical, thief, tramp",
82097,Karthik Calling Karthik (2010),1373156,3.3043478260869565,"mental control, schizophrenia",
82154,Get Educated: Paathshaala (2010),1194236,1.6,,
82902,Chori Chori Chupke Chupke (2001),256692,2.0555555555555554,"bollywood, musical",
82906,Baghban (2003),337578,3.3676470588235294,Ravi Chopra,
82980,Mujhse Shaadi Karogi (2004),418362,2.875,"Akshay Kumar, Comedy, David Dhawan, Kadar Khan, Priyanka Chopra, Rajpal Yadav, Salman Khan",
83004,Tere Bin Laden (2010),1629391,3.611111111111111,"comedy, hilarious, impersonation, impersonator, low budget, osama bin laden, reporter, satire, scam",
83038,Disco Dancer (1983),208903,3.0,,
83264,Band Baaja Baaraat (2010),1610452,3.5067567567567566,"bollywood, comedy, feel-good, kiss, romance, wedding, wedding planner","bollywood, love story, romantic comedy, storytelling, fun movie"
83266,Kaho Naa... Pyaar Hai (2000),234000,3.111111111111111,"Rakesh Roshan, bollywood",
83337,Mujhse Dosti Karoge! (2002),272736,2.769230769230769,bollywood,
83339,Main Prem Ki Diwani Hoon (2003),265148,2.8333333333333335,bollywood,
83424,Ghajini (2008),1166100,3.371212121212121,"Aamir Khan, Action, Sentimental, True Love, bollywood, rubbish, short-term memory, tattoo, too much dance","short-term memory loss, bollywood, action, love story, revenge"
83430,Fool N Final (2007),493417,1.0,diamond heist,
83457,Hum Aapke Hain Koun...! (1994),110076,3.5256410256410255,"Madhuri Dixit, Salman Khan, bollywood, musical, overacting, sappy, too long",
83956,Om Jai Jagadish (2002),327071,2.3125,musical,
84238,Aankhen (2002),306434,3.340909090909091,"bank robbery, heist",
84500,Seventh Horse of the Sun  (Suraj Ka Satvan Ghoda) (1993),108256,2.5,,
86438,Laaga Chunari Mein Daag: Journey of a Woman (2007),985636,2.7857142857142856,,
87882,De Dana Dan (2009),1255951,2.5,"bollywood, romantic comedy",
88065,Double Dhamaal (2011),1728239,2.230769230769231,,
88069,Delhi Belly (2011),1934231,3.5642857142857145,"Comedy, Imran Khan, India, Story, Suspense, bollywood, delhi, macguffin, mistaken identity, polaroid camera, underrated, wad of cash","bollywood, indians, pornography, stand-up comedy, india"
89554,Zindagi Na Milegi Dobara (2011),1562872,3.9448529411764706,"Barcelona, Bollywood, Costa Brava, Flamenco, Inspirational, Motivational, Ronda, Seville, Spain, bachelorhood, cheating, childhood friends, father son conflict, female domination, flirting, friend vacation, lyricist, multilingual, painter, poet, poetic, road trip, school friend, scuba diver, scuba diving, sky diving, tomatina, vacation","road trip, bollywood, spain, friendship, unlikely friendships"
89632,Masti (2004),406977,2.9615384615384617,"blackmail, extramarital affair",
91241,Singham (2011),1948150,3.279220779220779,"Ajay Devgan, Corruption, Police, Rohit Shetty, action, bollywood, comedy, fight, flipping car, good cop, job transfer, love interest, masala, one man army, police officer, remake, tough guy","action, good action, bollywood, police corruption, action packed"
91250,Chandni Chowk to China (2009),1091229,2.1923076923076925,"Deepika Padukone, bollywood, hindi, india, indian, musical, stupid",
91805,Ladies vs. Ricky Bahl (2011),1954598,3.2941176470588234,"Bluffing, Little Mindgame",
91844,Chak De India! (2007),871510,3.786231884057971,"Field hockey, Foreign, India, National Award, Patriotic, Shah Rukh Khan, ShahRukh Khan, Sports, cinematography, coach, ice hockey, sport, sports, team-building","sports, india, bollywood, indians, mentor"
93782,Paan Singh Tomar (2010),1620933,3.6857142857142855,"Bollywood, Inspired, Irrfan, army, athlete, rebel, sport",
93921,Housefull 2 (2012),1980986,3.0,"Akshay Kumar, Comedy, John Abraham, Mistaken Identity, Riteish Deshmukh, Sajid Khan",
93923,Agent Vinod (2012),1395025,2.4375,"seductress, threat",
94190,Aakrosh (2010),1708453,3.05,"Crime, Honour killing, Police",
94661,Rocket Singh: Salesman of the Year (2009),1434447,3.717948717948718,"ambition, bollywood, business, india, struggling career",
94663,Vicky Donor (2012),2317337,3.6796875,"Annu Kapoor, Coming of the age, Drama, bollywood, comedy, good theme","bollywood, drama, dramatic, greed, culture clash"
94725,Bombay Talkie (1970),65484,2.5,"Criterion, James Ivory, bollywood, extramarital affair, living abroad",
94900,Desi Boyz (2011),1985981,3.037037037037037,"Indian, London, bollywood, gigolo, male prostitute, orphan",
94969,Kahaani (2012),1821480,3.8839285714285716,"NO_FA_GANES, Sujoy Ghosh, bollywood, crime, female protagonist, getdvd, india, missing husband, mystery, nerve gas, police corruption, politics, thriller","bollywood, amazing photography, cinematography, twists & turns, storytelling"
95697,No Problem (2010),1431122,2.6666666666666665,,
96086,Householder  The (Gharbar) (1963),57162,3.0,"BD-R, Criterion, James Ivory, based on novel, based on novel or book",
96275,In Custody (1994),107199,1.5,"Criterion, Ismail Merchant, poetry, progress, tradition",
97042,Ishaqzaade (2012),2308773,2.909090909090909,"Arjun Kapoor, Drama, Parineeti Chopra, Story",
97254,Shakespeare-Wallah (1965),59709,3.5,"BD-R, Criterion, James Ivory, india, theatrical troupe",
97648,Gangs of Wasseypur (2012),1954470,3.802395209580838,"Anurag Kashyap, a look in the backyards, acting and story, action, bollywood, choppy style, comedy, crime, desi, entertaining, gang, gritty, hilarious, hindi, indian, mafia, off beat music, realistic, rivalry, thriller, time in history","bollywood, oscar (best foreign language film), storytelling, indians, mafia"
98000,Student of the Year (2012),2172071,2.5952380952380953,"bollywood, father and son relationship, friendship, love triangle, musical acts",
98198,OMG Oh My God! (2012),2283748,3.95679012345679,"Paresh Rawal, Screenplay, Umesh Shukla, based on a play, bollywood, religion, story, superb acting, youtube","god, religion, bollywood, islam, mentor"
98956,Barfi! (2012),2082197,3.66412213740458,"Anurag Basu, Director: Anurag Basu, Writer: Anurag Basu, Writer: Sanjeev Dutta, Writer: Tani Basu, autism, disability, etaegeshelf, favorite, happiness, indian, love","love, bollywood, love story, cinematography, disability"
99061,7 Khoon Maaf (2011),1629376,2.5681818181818183,"black widow, bollywood, colonialism, dark comedy, etaegeshelf, romance, serial killer",
99119,Mahakaal (The Monster) (1993),260155,1.625,"bollywood, magic, slasher",
99636,English Vinglish (2012),2181931,3.6721311475409837,"classroom, etaege, foreign language, housewife, manhattan  new york city, multilingual, speech, wedding, woman director, xenophobia","gay character, bollywood, feel-good, wedding, family drama"
99731,Dabangg 2 (2012),2112131,2.763157894736842,police officer,
100336,Udaan (2010),1639426,3.6,"Drama, Ronit Roy, Story, Vikramaditya Motwane, abusive father, coming of age, growing up",
100727,Heroine (2012),1949548,2.5,,
101640,Don (2006),461936,3.338709677419355,"Bollywood, Priyanka Chopra, bollywood, drug traffic, drugs, remake, twist ending, unlikeable characters","bollywood, original, amazing cinematography, visually appealing, remake"
101664,Hey Ram (2000),222012,3.3333333333333335,"assassination, based on true events, hindu, mahatma gandhi, muslim, race riot, religion, revenge, riot",
101719,Koi... Mil Gaya (2003),254481,3.0,,
103050,Pyaar Ka Punchnama (2011),1926313,3.3793103448275863,"Luv Ranjan, relationships",
103363,Aks (2001),289845,2.6875,"assassin, bollywood, possession, serial killer",
103639,Bhaag Milka Bhaag (2013),2356180,3.824468085106383,"Bollywood, Hindi, Rakeysh Omprakash Mehra, Sport, action, athelete, biography, btaege, facts of life, family, fight, inspirational, jail, knife, love, olympics, past, running, sikh, sister, slaughter, sports history, true story","bollywood, biopic, olympics, india, indians"
103641,D-Day (2013),2385104,3.1333333333333333,"Action, National Security, Nikhil Advani, Rishi Kapoor, Story, spy",
103671,Joker (2012),1918886,1.25,"hindi, india, indian",
104379,Chennai Express (2013),2112124,2.787878787878788,"Deepika Padukone, Foreign, Goa, India, Rameshwaram, ShahRukh Khan, ashes, bollywood, gangsters, grandfather, love, masala, rameshwaram, romance, romantic rivalry, south india, subtitles, sweet romance, tamil, tollywood, train ride, train romance, trains","bollywood, good action, adapted from:comic, romance, indians"
104996,Table No.21 (2013),2229842,2.861111111111111,,
105084,Grand Masti (2013),2476154,3.5,,
105290,Shanghai (2012),2072227,2.9444444444444446,Dibakar Banerjee,
105338,Kabul Express (2006),770214,2.875,"Afghanistan, afghanistan, bonding, hostage, journalist, pakistani, war in afghanistan",
105343,Special 26 (2013),2377938,3.7711864406779663,"Neeraj Pandey, bollywood, con artist, heist, hindi, meticulous, theft, twist","heist, bollywood, con artists, cerebral, great acting"
105477,Talaash (2012),1787988,3.0434782608695654,"murder, murder investigation, neo-noir, police investigation, woman director",
105599,Drona (2008),1060249,1.5,"Bollywood, Kay Kay Menon, Priyanka Chopra, The Chosen One, aquaphobia, bollywood, clones, seen, slow motion, villain steals the show",
105884,Being Cyrus (2005),412308,3.0,Homi Adajania,
106064,Race (2008),1017456,2.880952380952381,betting on horse,
106462,Fiancee  The (Parineeta) (1953),46164,4.3,,
107707,Dhoom (2004),422091,3.2857142857142856,"bollywood, cops, gang of thieves, motor sport, motorbike, motorcycle, musical, overacting, special effects","bollywood, indians, musical, entertaining, excellent script"
107853,Scorching Winds (Garm Hava) (Garam Hawa) (1974),73034,2.75,"M.S. Sathyu, partition",
107883,The Lunchbox (2013),2350496,3.8636363636363638,"2015, Acting, Cute, Direction, Feel good movie, India, Irrfan Khan, Loneliness, Nawazuddin Siddiqui, Nimrat Kaur, Ritesh Batra, Romance, Screenplay, Seen 2017, epistolary, housewife, mumbai, tiffin, unsaid, x-aru, x-mom, x-yann","loneliness, relationships, love story, solitude, melancholic"
108160,Breakaway (Speedy Singhs) (2011),1736552,3.1666666666666665,Hockey,
108432,Guru  The (1969),64396,,"india, indian guru",
108514,Yeh Jawaani Hai Deewani (2013),2178470,3.6940298507462686,"Story, bollywood, chasing dreams, cheesy, deepika, deepika padukone, desi, fun, funny, great dancing, musical, predictable, ranveer, romance","bollywood, feel-good, romantic comedy, coming-of-age, good music"
109093,Don 2 (2011),1285241,3.209090909090909,"Atmospheric, Boman Irani, Farhan Akhtar, Shahrukh Khan, Story, Thriller, action, sequel","bollywood, action, fast paced, realistic action, pornography"
109096,Pardes (1997),119861,3.1136363636363638,"Subhash Ghai, bollywood, singer, usa",
109277,Love Story 2050 (2008),490170,1.675,"Bollywood, Boman Irani, Harman Baweja, hindi, india, indian, reincarnation, seen, time travel",
109455,Highway (2014) ,2980794,3.314814814814815,"India, Kidnapping, Road movie, Stockholm syndrome, catharsis, emancipation, kidnapping, sexual abuse",
109728,Kai Po Che! (2013),2213054,3.296875,"Bollywood, Gujrat, Period, buddy, friends",
112501,Kabhi Haan Kabhi Naa (1994),110222,3.6136363636363638,"Kundan Shah, Realistic, ShahRukh Khan, band, love triangles, meaningful, seen",
112594,Duplicate (1998),164550,2.5,"Comedy, ShahRukh Khan, bollywood, chef, mistaken identity, multiple roles, seen",
112640,Ra.One (2011),1562871,2.606060606060606,"ShahRukh Khan, bollywood, cameos, computer animation, crude humor, seen, superhero, video games, villain",
112903,Gunday (2014),2574698,2.1956521739130435,"coal, fight on train roof, friendship, gangster, love triangle, train, train robbery, two man army",
112905,Goliyon Ki Raasleela Ram-Leela (2013),2215477,2.973684210526316,"acting, based on play or musical, death of lover, direction, family relationships, love, story, unreal",
112907,Villain  The (Ek Villain) (2014),3175038,2.9705882352941178,"Musical, Riteish Deshmukh, Serial Killer, Sidharth Malhotra, Story, drama, indian, revenge, serial killer, shraddha kapoor",
112909,Kites (2010),1198101,1.9230769230769231,,
115973,Haider (2014),3390572,3.646551724137931,"Bold, Bollywood, Drama, Great Acting, Hindi, Irrfan Khan, Kay Kay Menon, Shahid Kapoor, Shakespeare, Shraddha Kapoor, Story, Tabu, Vishal Bhardwaj, avenge, death of father, kashmir, kashmir conflict, suspense","bollywood, breathtaking, tragedy, india, based on a play"
116704,Zanjeer (1973),70947,3.0,"Prakash Mehra, bollywood",
117148,Dil Bole Hadippa! (2009),1202540,1.9,bollywood,
117310,Aashiqui 2 (2013),2203308,3.4696969696969697,"Mohit Suri, Musical, True Love, artist, musical, romance, shraddha kapoor, tragic love",
117506,Deewaar (1975),72860,3.5,"Yash Chopra, criminal, police, sibling relationship",
118258,It's a Wonderful Afterlife (2010),1319716,2.875,"ghost, indian lead, london england, matchmaking, murder, woman director",
118446,Journey Beyond Three Seas (1957),50820,2.75,"Khwaja Ahmad Abbas, Vasili Pronin, biography, ethnographical, geography, history, india, russia",
118762,Action Jackson (2014),403935,2.0,"bad luck, bangkok, blood, bombay india, fight, friends, gangster, gun, killer, look-alike, lust, seductress, sword",
119080,Loins of Punjab Presents (2007),1012757,3.3333333333333335,"Manish Acharya, bollywood, indian lead",
120138,PK (2014),2338151,3.7627551020408165,"Aamir Khan, Anushka Sharma, Boman Irani, Comedy, Rajkumar Hirani, Romantic, alien, belief in god, comedy, friendship, god, hindi, love, no religion, religion, religious intolerance, social awarness, social commentary, society, sociology, very funny","god, religion, alien, bollywood, indians"
120486,Daar (1993),109555,2.8333333333333335,"Love Triangle, Musical, Yash Chopra, poweful performance, psychological, thriller",
121133,Ishq (1997),133024,3.08,"Aamir Khan, Ajay Devgan, Comedy, Comedy romance music, Juhi Chawla, musical",
121370,Happy New Year (2014),2461132,2.3285714285714287,"bar dancer, bollywood, boman irani, comedy, competition, con artist, dance, deepika padukone, diamond, diamond heist, dubai, farah khan, heist, musical, pole dancer, shahrukh khan, slapstick, stripper, thief, too long, woman director",
125479,The Unknown (1965),247394,3.0,bollywood,
126152,Lahore (2010),1285245,1.5,,
129437,Ugly (2013),2882328,3.732142857142857,"Anurag Kashyap, casting director, investigation, kidnapping, missing girl, police, ransom, whodunit",
129786,Dhobi Ghat (2011),1433810,2.9166666666666665,woman director,
129788,Raanjhanaa (2013),2359810,3.5833333333333335,"Abhay Deol, Anand L Rai, Atmospheric, Comedy, Dhanush, Drama, Mohammed Zeeshan Ayyub, Musical, Romance, Sonam Kapoor, Story, Swara Bhaskar, True Love, inter religion relationship, teenage love, tragedy, unrequited love",
130492,Dum Laga Ke Haisha (2015),3495030,3.517857142857143,"Ayushmann Khurana, Comedy, Indian, Marriage comedy, arranged marriage, big love, bollywood, elegant love, family, good and calm, humour, love, marraige, overweight character, romance","bollywood, family drama, great acting, sweet, culture clash"
130618,Baby (2015),3848892,3.603448275862069,"Action, Akshay Kumar, Atmospheric, Intelligence, National Security, Neeraj Pandey, Thriller, commando, elite unit, espionage, grippy, terrorism, terrorist","bollywood, india, amazing cinematography, indians, criterion"
131021,Filmistaan (2014),2417560,3.3333333333333335,,
132358,N.H 10 (2015),3742284,3.4571428571428573,"Action, Drama, Hindi, India, bollywood, desi, fight, hitchhiker, killing, social commentary, thriller, violence",
132456,Lage Raho Munna Bhai (2006),456144,3.6578947368421053,"Arshad Warsi, Boman Irani, Comedy, Gandhi, Message, Rajkumar Hirani, Sanjay Dutt, Social Commentary, bollywood, comedy, historical figure, india","bollywood, india, indians, good sequel, melancholic"
132468,Ship of Theseus (2013),1773764,3.4523809523809526,"artistic, blind, independent film, monastery, multiple stories, organ donation, organ theft, philosophy, photographer, realistic",
132948,Doli Saja Ke Rakhna,207415,3.75,,
132950,Vaastav: The Reality (1999),220832,4.142857142857143,mumbai underworld,
132952,Sarfarosh (1999),200087,3.7386363636363638,"Crime, Patriotism, police, terrorism",
133229,Court (2014),3717068,3.391304347826087,"acting, award winning, court, courtroom, courtroom drama, direction, indian legal system, marathi, realistic, rivetting, social commentary",
133389,Piku (2015),3767372,3.466666666666667,"Drama, Shoojit Sircar, amitabh bachan, bollywood, cinematography, comedy, constipation, deepika padukone, desi, drama, excellent actors, hindi, old age life","father daughter relationship, bollywood, family drama, feel-good, road trip"
133695,Ankhon Dekhi (2014),3614516,3.4444444444444446,"Atmospheric, Existential Crisis, Great Acting, Philosophical, Sanjay Mishra, Story, Thoughtful, family drama, high concept, hindi, old delhi, rajat kapoor",
133697,Gulaal (2009),1261047,3.6666666666666665,"Politics, Suspense, acting, anurag kashyap, direction, story",
133699,Black Friday (2004),400234,3.6956521739130435,"Anurag Kashyap, based on novel or book, bomb attack, bomb planting, crime, docudrama, drama, netflix streaming, noir, real, terrorism, terrorist",
133767,Andaz Apna Apna (1994),109117,3.580357142857143,"laxative, romantic rivalry","bollywood, funniest movies, comedy, india, amazing photography"
133769,Hera Pheri (2000),242519,3.5873015873015874,"Akshay Kumar, Comedy, Paresh Rawal, Priyadarshan, bollywood, comedy, remake","bollywood, comedy, indians, great acting, funniest movies"
133949,Fugly (2014),3683702,3.0,,
134178,Detective Byomkesh Bakshy (2015),3447364,3.782608695652174,"Dibakar Banerjee, Story, Sushant Singh Rajput, Swastika Mukherjee, detective, sherlock holmes, suspense",
134180,Badlapur (2015),3678782,3.433333333333333,"bollywood, nawazuddin siddiqui, revenge, sriram raghavan, unconventional",
134182,Holiday (2014),2556308,3.0405405405405403,"A.R. Murugadoss, Action, Akshay Kumar, Atmospheric, Intelligence, National Security, Thriller, soldier, war",
134230,Wake Up Sid (2009),1324059,3.65,bollywood,
134232,Mission Kashmir (2000),248185,2.8461538461538463,,
134234,Lakshya (2004),323013,3.5925925925925926,"army, awol, chance meeting, discipline, domineering father, following dream, military academy, pakistan vs india, rescue team, spoiled child, spoiled son, terrorist",
134236,Iqbal (2005),453729,3.6,bollywood,
134238,Ghulam (1998),190419,2.9,,
134240,Rangeela (1995),114234,3.2,"actor, bollywood",
134330,Bombay Talkies (2013),2797242,2.9375,"anthology, woman director",
134332,Bhool Bhulaiyaa (2007),995031,3.3620689655172415,"bollywood, remake",
134334,Phir Hera Pheri (2006),419058,3.3958333333333335,,
134336,Mohra (1994),110546,2.5714285714285716,,
134338,Sarkar Raj (2008),490210,3.090909090909091,corruption,
134340,Ek Ajnabee (2005),457875,3.357142857142857,,
134342,Sarkar (2005),432047,3.75,"corruption, political corruption, politics",
134344,Hulchul (2004),437238,3.5,remake,
134346,Samay: When Time Strikes (2003),384491,5.0,,
134352,1942: A Love Story (1994),109010,2.5,"british, musical, revolutionary",
134354,Nayak: The Real Hero (2001),291376,3.611111111111111,"political activism, political assassination, politician, power politics",
134356,Virasat (1997),120456,3.857142857142857,"Drama, Foreign",
134593,Maqbool (2003),379370,3.0,"bombay india, hoodlum, shakespeare",
134777,Jab Tak Hai Jaan (2012),2176013,3.240740740740741,"Katrina Kaif, True Love, bollywood, fall in love, romance, shahrukh khan, yash chopra",
134779,Mere Brother Ki Dulhan (2011),1740710,3.0,"himachal pradesh india, new delhi india, punjab, punjab india",
134781,I Hate Luv Storys (2010),1667838,3.0357142857142856,"bombay india, india, love triangle, new zealand",
134815,Happy Ending (2014),3017412,2.8,"Govinda, Romedy, Saif Ali Khan, boring",
134867,Tanu Weds Manu (2011),1694542,3.517543859649123,"Aanand Rai, Anand L Rai, Fun, Jimmy Shergil, Madhavan, Mahavan, Romedy, bollywood, kangana Ranaut, rom-com","feel-good, bollywood, feel good movie, good music, india"
135204,Madras Cafe (2013),2855648,3.5238095238095237,"Alternate History, Drama, Intelligence, National Security, Screenplay, Shoojit Sircar, army intelligence, assassination attempt, cupboard, india, sri lanka, war correspondent",
135224,Hamari Adhuri Kahaani (2015),3483612,2.7142857142857144,,
135494,B.A. Pass (2013),2408040,3.9285714285714284,"Noir, Tragedy, male prostitute, neo-noir, sex",
135500,Gabbar Is Back (2015),2424988,2.789473684210526,"Action, Akshay Kumar, Shruti Hassan, Story, Vigilante",
135555,Bluffmaster! (2005),476527,1.7727272727272727,,
135583,Bhoot (2003),341266,3.4,,
135587,Raat (1992),266875,3.75,supernatural,
135589,1920 (2008),1301698,3.0,"bollywood, horror",
135591,You Must Be Scared (2006),476649,2.625,"anthology, horror, murder",
135593,Darna Mana Hai (2003),349333,2.7777777777777777,horror anthology,
135601,Rockstar (2011),1839596,3.5714285714285716,"Aditi Rao Hyadri, Imtiaz Ali, Love, Musical, Nargis Fakhri, Ranbir Kapoor, Reltionships, Story, musical, rebellious youth, rock musical, rockstar, rumi  ",
135603,Rock On!! (2008),1230165,3.7142857142857144,bollywood,
135725,Shiva (1989),248428,3.5833333333333335,,
135729,Main Khiladi Tu Anari (1994),110438,2.55,,
135731,Jungle (2000),251756,4.5,"kidnapping, ransom demand",
135733,Prahaar: The Final Attack (1991),102701,4.25,,
135735,Sehar (2005),477857,3.3333333333333335,,
135737,Zakhm (1998),211126,2.75,,
135761,Kaminey (2009),1274295,3.7083333333333335,india,
135763,Company (2002),296574,3.5625,"independent film, organized crime",
135765,Vishwaroopam (2013),2199711,2.72,"Cinematography, Jaideep Ahlawat, Kamal Hassan, Rahul Bose, Spy, Storyline, Terrorism, Thriller, army intelligence, bomb, india, new york, osama bin laden, terrorist plot",
135767,Omkara (2006),488414,3.7222222222222223,"bollywood, shakespeare, suspense",
135769,Baadshah (1999),211934,3.4761904761904763,"Amrish Puri, Comedy, Johnny Lever, Mistaken Identity, Shahrukh Khan, Story",
135771,Koyla (1997),136352,2.5,,
135773,Shool (1999),220757,4.0,,
135775,Ghayal (1990),99652,3.1666666666666665,"loss of loved one, murder, revenge",
135777,Golmaal (2006),495034,3.6666666666666665,"comedy, comedy team, dream girl, stupidity",
135781,Saheb Biwi Aur Gangster (2011),2073070,4.0,,
135783,Gadar: Ek Prem Katha (2001),284137,3.85,,
135789,Shaitan (2011),1836912,3.888888888888889,"drug abuse, drugs and addiction",
135791,Awara Paagal Deewana (2002),319020,2.75,"Paresh Rawal, bollywood",
135795,Mardaani (2014),3495000,3.0789473684210527,bollywood,
135797,Shootout at Lokhandwala (2007),811066,3.1666666666666665,,
135799,Josh (2000),151150,2.5357142857142856,,
135819,Raakh (1989),290820,3.0,,
135823,Dhoom 3 (2013),1833673,2.6956521739130435,"Aamir Khan, Hindi, bank heist, bank robber, circus, heist, motorcycle chase, sequel",
135829,Dhoom 2 (2006),441048,3.2916666666666665,"Action, Con, Hrithik Roshan, Story, adventure, bollywood, brazil, buddy cop, disguise, heist, motorcycle chase, robbery, sequel",
135837,Ram Gopal Varma Ki Aag (2007),473310,0.8333333333333334,"gangster, police officer, war",
135839,Shahid (2013),2181831,3.5454545454545454,"Great Acting, Great Direction, Judiciary, Sensitive, Surreal, based on true story, biography, courtroom drama",
135841,Siddharth (2013),2932606,3.8,"factory, factory worker, hindi",
135875,Queen (2014),3322420,3.774390243902439,"Europe, India, faminism, feminism, friendship, great soundtrack, independence","bollywood, indians, women, india, feel-good"
135919,Bhoothnath Returns (2014),3531852,3.4583333333333335,"political satire, sitcom",
136491,Ishqiya (2010),1345777,3.5357142857142856,"Acting, Arshad Warsi, Bold, Naseeruddin Shah, Story, Vidya Balan, con",
136493,Chandni Bar (2001),267363,3.5,,
136497,Khosla Ka Ghosla! (2006),466460,3.8392857142857144,"Anupam Kher, Boman Irani, Direction, Social Commentary, Story, bollywood",
136848,Shabd (2005),409527,2.5,"Goa, infidelity, long, too long, typewriter, writer's block",
136986,Dil (1990),99429,3.125,bollywood,
137112,Once Upon a Time in Mumbaai (2010),1395054,2.9761904761904763,"Ajay Devgan, Atmospheric, Dialogues, Emraan Hashmi, Gangster, Milan Luthria, Organised Crime, bombay india, crime boss, criminal past, india, mafia",
137490,Three Daughters (Teen Kanya) (1961),55508,3.3333333333333335,,
137593,Hooligan (1998),497915,5.0,"funny, gangsters, revenge",
137920,Bombay Velvet (2015),2979920,2.95,"bollywood, boxer, gangster, jazz, noir, organized crime",
138232,Aalavandhan (2001),294264,3.0625,"brother, identical twins, killer, psychopath, schizophrenia, violence",
138804,Finding Fanny (2014),3142688,2.6,x-aru,
139148,Bajrangi Bhaijaan (2015),3863552,3.5357142857142856,"India, Pakistan, drama, india, lost child, mountains, mute girl, parent-children relationship, road trip, touching, x-var","bollywood, india, drama, indians, touching"
139205,Tanu Weds Manu Returns (2015),2140465,3.418918918918919,"Anand L Rai, Kangana Ranaut, double role, romedy",
139865,Qissa: The Tale of a Lonely Ghost (2013),2334779,2.5,"Irrfan Khan, Partition, Punjabi, ghost, obsession, slow",
140142,Bhuvan Shome (1969),64086,2.8333333333333335,psychological drama,
141058,Manjhi The Mountain Man (2015),3449292,3.6052631578947367,"Great Acting, Inspiration, Love, Nawazuddin Siddiqui, Optimistic, True story, acting, bihari, bollywood, corruption, exploitation, good, mountain, uncommon, will",
141060,Fly Away Solo (2015),4635372,3.5428571428571427,"Drama, Great Direction, Neeraj Ghaywan, Richa Chadda, Sanjay Mishra, Story, Surreal, Vicky Kaushal, caste system, guilt, love, ring, sexual encounter, small town, train",
141100,Sujata (1960),53319,3.8333333333333335,"Castism, Love, Responsibility",
141102,Devdas (1955),47990,3.0,"Drama, Family, Love, Pain",
141120,Brothers (2015),3802576,2.772727272727273,"Akshay Kumar, Brother Relationship, Karan Malhotra, Sidharth Malhotra, Story, bollywood",
141162,Taxi No. 9 2 11: Nau Do Gyarah (2006),476884,3.3846153846153846,,
141201,Death of a Doctor (1991),345177,4.75,,
141203,Aakrosh (1980),80322,3.375,,
141702,Drishyam (2015),4430212,3.6691176470588234,"Ajay Devgan, Police Brutality, Tabu, Thriller, blackmail, car, false evidence, family, hidden camera, murder, phone, police, remake","bollywood, investigation, amazing cinematography, police investigation, murder mystery"
141704,Phantom (2015),3469244,2.75,"car chase, espionage, revenge, soldier, terrorist",
142030,Zid (2014),4228746,2.5,"crime reporter, erotic thriller, goa, hit-and-run, love triangle, obsession, vertigo",
142382,Agneepath (2012),1849718,3.3333333333333335,"bold man, musical, shaved head",
142384,Cocktail (2012),2168910,3.4285714285714284,"friends, friendship",
142570,Dor (2006),824316,4.1,,
142677,Lootera (2013),2224317,3.5714285714285716,"Direction, Great Acting, Ranveer Singh, Sonakshi Sinha, artist, based on short story, love, painter",
142817,Apaharan (2005),451631,3.25,"Ajay devgan, Crime, Nana Patekar, Politics, Prakash Jha, Social Commentary",
142823,Baazigar (1993),106333,3.8666666666666667,"Abbas Mastan, Shahrukh Khan, Story, bollywood",
142825,Sparsh (1980),79938,4.5,"Drama, Naseeruddin Shah, Om puri, Shabana Azmi, Social Commentary, blind, teacher, woman director",
142829,The Dirty Picture (2011),1954206,3.0,"Based on a true story, Coming of the age, Drama, Emraan Hashmi, Vidya Balan, biography",
142831,Garam Masala (2005),453671,3.176470588235294,"Akshay Kumar, Comedy, Priyadarshan, remake",
142833,Chup Chup Ke (2006),464160,3.4583333333333335,"Comedy, Paresh Rawal, Priyadarshan, Rajpal Yadav, bollywood",
142835,Dulhe Raja (1998),210659,3.25,"Comedy, David Dhawan, Govinda, Hilarious, Johny Lever, Kadar Khan",
142837,Mr. & Mrs. Khiladi (1997),162480,1.8333333333333333,"Akshay Kumar, Comedy, Kadar Khan",
143164,Silsila (1981),83081,3.5,,
143565,A Prayer for Rain (2013),839742,3.75,,
144684,Dharam Sankat Mein (2015),4354740,3.9,"hindu, islam, nation of islam, sikh",
144686,Chupke Chupke (1975),72783,3.769230769230769,bollywood,
144934,Go Goa Gone (2013),2436516,3.28125,"hindi, zombie, zombie apocalypse",
144984,Pyaar Ka Punchnama 2 (2015),4430136,2.9375,,
145496,Delhi Safari (2012),1172587,2.8,bollywood,
145498,Matrubhoomi (2003),379375,4.0,,
146110,Padosan (1968),63404,3.409090909090909,bollywood,
146112,Ittefaq,64506,4.0,,
146114,Mera Naam Joker (1972),66070,3.7,"bollywood, circus clown, love, romance",
146116,Haathi Mere Saathi (1971),272118,3.0,,
146118,Benaam (1974),71205,3.0,,
146120,Jadu Tona (1977),245977,2.0,"black magic, demonic possession, evil spirit",
146122,Baton Baton Mein (1979),157339,3.0,bollywood,
146124,Beloved Enemy (1979),79355,2.0,werewolf,
146126,Khubsoorat (1980),244585,3.5,bollywood,
146128,Red Rose (1980),156014,3.5,"bollywood, whodunit",
146130,Saboot (1980),253618,2.5,bollywood,
146132,Naram Garam (1981),82796,4.5,bollywood,
146134,Jaane Bhi Do Yaaro (1983),85743,3.4166666666666665,"Comedy, Corruption, India, Naseeruddin Shah, Om Puri, Pankaj Kapur, Satish Kaushik, Sattire, Social Commentary, bollywood, india",
146136,Masoom (1983),85913,4.125,bollywood,
146138,Hero (1983),123102,1.5,,
146140,Rang Birangi (1983),86170,3.0,bollywood,
146142,The Old Temple (1984),253514,2.5,bollywood,
146144,Khamosh (1985),89413,1.0,"investigation, murder, police",
146146,Arjun (1985),266260,2.3333333333333335,,
146148,Chameli Ki Shaadi (1986),90812,3.0,,
146150,Anubhav (1986),395453,3.0,erotic movie,
146152,Karma (1986),91328,2.7857142857142856,bollywood,
146154,Tahkhana (1986),260411,2.5,bollywood,
146156,Mr India (1987),93578,3.6052631578947367,"orphanage, super power",
146158,Tezaab (1989),96252,3.75,"bollywood, india, kidnapping, musical",
146160,Maalamaal (1988),300160,2.5,,
146162,Veerana (1988),260494,2.5,,
146164,Maine Pyar Kiya (1989),100095,3.625,"love of one's life, musical",
146166,Bandh Darwaza (1990),259877,2.5,bollywood,
146168,Shaitani Ilaaka (1990),261296,2.5,,
146170,Saajan (1991),102825,2.9166666666666665,"bollywood, musical",
146172,100 Days (1991),101244,1.0,bollywood,
146174,Phool Aur Kaante (1991),254683,1.5,,
146176,Heart (1992),267617,1.5,,
146178,Jo Jeeta Wohi Sikandar (1992),104561,3.5357142857142856,,
146180,Suryavanshi (1992),105500,1.3333333333333333,,
146182,Chamatkar (1992),126234,2.8333333333333335,,
146184,Aankhen (1993),106204,2.6666666666666665,,
146186,Hum Hain Rahi Pyar Ke (1993),107166,3.9,,
146188,King Uncle (1993),107321,2.7857142857142856,,
146190,Khal Nayak (1993),107311,1.4,bollywood,
146192,Waqt Hamara Hai (1993),290331,1.3333333333333333,,
146216,Suhaag (1994),111308,0.75,,
146218,Krantiveer (1994),110280,3.5,,
146220,Gopi Kishan (1994),109922,3.0,bollywood,
146222,Baazi (1995),121989,3.0,,
146224,Barsaat (1995),112459,2.5,,
146226,Takkar (1995),135666,2.0,,
146228,Sapoot (1996),135641,1.0,,
146230,Khamoshi: The Musical (1996),116763,3.6666666666666665,"amazon prime, deaf-mute",
146232,Loafer (1996),116898,3.1666666666666665,"escape, murder, police, revenge, violence",
146234,Raja Hindustani (1996),117437,2.2857142857142856,bollywood,
146236,Jeet (1996),116690,1.8333333333333333,,
146238,Agni Sakshi (1996),115484,1.5,"dark dramedy, psycho, psychopath",
146240,Ghatak: Lethal (1996),116407,2.9,,
146242,Chachi 420 (1997),233422,3.2857142857142856,"dance director, divorcee, landlord, marketplace, nanny, rich woman poor man, sexual humor",
146244,Dil To Pagal Hai (1997),118983,3.3863636363636362,"bollywood, musical",
146246,Bhai (1997),135161,0.5,,
146248,Judwaa (1997),119428,3.0,bollywood,
146250,Gupt: The Hidden Truth (1997),119239,2.7142857142857144,,
146252,Daud (1997),118931,2.6,bollywood,
146254,Aflatoon (1997),225029,2.1666666666666665,,
146256,Bade Miyan Chote Miyan (1998),118673,2.5555555555555554,,
146258,China Gate (1998),210609,2.1666666666666665,,
146260,Pyaar Kiya To Darna Kya (1998),173080,2.888888888888889,,
146262,Soldier (1999),211634,3.0,,
146358,Taal (1999),152836,3.0357142857142856,,
146360,Hum Saath Saath Hain (1999),216817,3.0,,
146362,Jaanam Samjha Karo (1999),226847,1.5,,
146364,Dil Kya Kare,216707,1.0,,
146366,Kaun (1999),195002,3.0625,"one location movie, psychological thriller, serial killer",
146368,Pyaar Koi Khel Nahin (1999),209263,1.5,,
146370,Hogi Pyar Ki Jeet,281913,1.25,,
146372,Biwi No. 1 (1999),207341,2.1666666666666665,"cheating husband, india, photo model, plan, plan gone wrong, wife husband relationship",
146374,Hello Brother (1999),233856,2.75,"ghost, romantic comedy",
146376,Kartoos (1999),220594,1.25,,
146378,Mast (1999),214931,2.0,obsessed fan,
146380,Kachche Dhaage (1999),206067,1.25,,
146382,Deewane (2000),255097,2.0,,
146384,Dhadkan (2000),255111,2.75,,
146386,Khiladi 420 (2000),255305,1.0,,
146388,Kurukshetra (2000),255309,2.0,,
146390,Mela (2000),232079,2.2142857142857144,,
146392,Refugee (2000),250690,2.9285714285714284,,
146394,Kya Kehna (2000),250483,2.875,,
146396,Fiza (2000),248012,2.642857142857143,"jihad, laughing, loss of loved one, love, racial tension, suicide",
146398,Bicchoo (2000),252277,1.75,,
146400,Har Dil Jo Pyar Karega... (2000),250415,2.0833333333333335,salman khan,
146402,Pukar (2000),218533,2.75,,
146404,Beti No. 1 (2000),286504,1.0,,
146406,Khauff (2000),220596,1.5,,
146408,Jis Desh Mein Ganga Rehta Hai (2000),263491,1.75,"comedy, family, romance, villager",
146410,Hum To Mohabbat Karega (2000),249588,1.5,,
146412,Badal (2000),247944,1.5,,
147024,Prem Ratan Dhan Payo (2015),3595298,2.1315789473684212,"Bhai ki movie, Rajshree Movies, Salman Khan, Salman Khan rocks again, Sonam Kapoor, colorful, comedy, family, musical, romance, visually appealing",
147055,Chashme Buddoor (1981),82162,2.5,"bollywood, woman director",
147940,Tamasha (2015),3148502,3.4285714285714284,"Deepika Padukone, Drama, Imtiaz Ali, Ranbir Kapoor, Social Commentary, Thought Provoking, nonlinear timeline, storytelling",
148058,Talvar (2015),4934950,3.6470588235294117,"Atmospheric, Great Acting, Great Direction, Mystery, Real Incident, Story, woman director",
148066,Pestonjee (1988),95857,4.0,"adultery, male friendship",
148070,Mary Kom (2014),3001638,3.409090909090909,"biography, boxing, sporting event, women boxer",
148811,The Legend of Bhagat Singh (2002),319736,4.071428571428571,,
149606,Bajirao Mastani (2015),3735246,3.5348837209302326,"battle, beautiful, love, warrior",
149670,Namastey London (2007),795434,3.3,"bollywood, hindi",
150268,Dilwale (2015),4535650,2.5,mafia family,
150296,Guzaarish (2010),1438298,3.076923076923077,"bodily disabled person, love, romance",
150320,Raavan (2010),1334470,2.6923076923076925,"dancer, fight, forest, gun, hindu mythology, kidnapping, loss of loved one, love triangle, manhunt, marriage, mythology, police, polygraph, rope bridge, waterfall",
150322,Paa (2009),1532957,3.738095238095238,,
150340,Khoobsurat (2014),3554418,3.2777777777777777,,
150344,Bang Bang (2014),2905838,2.8333333333333335,"bollywood, car chase, dancing, heist, hindi, jewel heist, jewel thief, london england, motorcycle chase, remake, rescue, revenge, secret agent",
151459,Airlift (2016),4387040,3.4296875,"Action, Non-fiction, Surreal, Thriller, War, akshay kumar, based on a true story, evacuation, hindi, india, iraq war, real story, war","indians, india, bollywood, based on true story, based on a true story"
151461,Fitoor (2016),4399594,2.125,"artist, dancing, love",
151547,Daawat-e-Ishq (2014),3398052,3.4166666666666665,,
151617,Water (2014),2708550,3.5,,
151804,X: Past Is Present (2015),5207116,2.75,"Acting, Atmospheric, Confused, Experimental, Screenplay, Story, Style",
151963,Ajnabee (2001),278291,2.9444444444444446,bollywood,
151965,Jodi No.1 (2001),278522,2.5,,
151967,Pyaar Tune Kya Kiya,281102,1.75,,
151969,Style (2001),306855,2.35,,
151971,Love Ke Liye Kuch Bhi Karega (2001),287537,1.6666666666666667,"kidnapping, ransom demand, remake",
151973,Mujhe Kucch Kehna Hai (2001),284328,1.5,,
151975,Albela (2001),118578,1.25,,
151977,Yaadein (2001),248617,2.5,,
151979,Indian (2001),300028,2.625,,
151981,Tum Bin (2001),290326,2.6666666666666665,"death, drama, love, love triangle, romance",
151983,Aashiq (2001),273406,1.5,,
151985,Yeh Raaste Hain Pyaar Ke (2001),292740,0.8333333333333334,,
151987,Aamdani Atthanni Kharcha Rupaiya (2001),305173,1.5,,
151997,Titli (2014),3019620,3.0454545454545454,,
152011,Anjaana Anjaani (2010),1499201,3.25,"bollywood, drama, love, suicide attempt",
152067,Neerja (2016),5286444,3.6486486486486487,"Ram Madhvani, Real Story, Sonal Kapoor, airplane hijacking, based on a true story, flight attendant, hijacking",
152222,Agnivarsha: The Fire and the Rain (2002),326722,4.0,,
152338,Humraaz (2002),326576,2.8,,
152340,Aap Mujhe Achche Lagne Lage (2002),247911,1.1,,
152342,road (2002),315632,0.5,,
152344,Sur (2002),332766,3.25,"musical, woman director",
152346,EK Chotti Si Love Story (2002),331479,1.8333333333333333,erotic movie,
152348,Hum Kisi Se Kum Nahin (2002),320097,1.3333333333333333,bollywood,
152350,Na Tum Jaano Na Hum (2002),248216,1.3,bollywood,
152352,Makdee (2002),341455,3.875,"children, witch",
152354,Deewangee (2002),337971,2.5,,
152356,Raaz (2002),307873,3.625,,
152358,Jaani Dushman: Ek Anokhi Kahani (2002),326983,1.3888888888888888,,
152360,Maine Dil Tujhko Diya (2002),326600,0.5,,
152362,Saathiya (2002),330843,3.1785714285714284,bollywood,
152364,Kaante (2002),294662,3.2777777777777777,,
152455,The Cook (1972),68257,3.8333333333333335,bollywood,
152499,Hisss (2010),1244093,1.6,"monster, pregnancy craving, sanke, snake, snake bite, snake woman, snakes, woman director",
152557,Traffic Signal (2007),819810,2.5,,
152593,Bhagam Bhag (2006),805184,2.8846153846153846,,
152689,Mastizaade (2016),3726012,1.0714285714285714,,
152808,Main Madhuri Dixit Banna Chahti Hoon!,374848,1.25,,
152810,Jaal: The Trap (2003),340178,2.2,,
152812,Calcutta Mail (2003),366276,1.875,"flashback sequence, murder, politician, railway station, train",
152814,Dhund: The Fog,353351,0.5,bollywood,
152816,Chura Liyaa Hai Tumne (2003),345043,0.5,,
152818,Saaya (2003),371922,1.25,,
152820,Qayamat: City Under Threat (2003),364621,0.75,remake,
152822,Khel (2003),371775,1.5,"betrayal by friend, detective, frame up, friendship, love triangle",
152824,LOC: Kargil (2003),347416,2.9,bollywood,
152826,Hawa (2003),369516,0.5,rape,
152828,Ishq Vishk (2003),362771,2.75,,
152830,Khushi (2003),348656,0.875,romance,
152832,Zameen (2003),382385,2.642857142857143,,
152834,Sin (2003),399942,1.8333333333333333,woman director,
152836,Gangaajal (2003),373856,3.4761904761904763,"Ajay Devgan, Bihar, Political Criminals",
152868,Murder (2004),405507,2.9285714285714284,indian,
152870,Khakee (2004),347332,3.0714285714285716,"Crime, Police, Violence, bollywood",
152872,Fida (2004),422236,2.0,,
152874,Madhoshi (2004),430328,1.25,,
152876,Krishna Cottage (2004),408976,1.4,,
152878,Kismat (2004),391274,1.0,,
152880,Garv: Pride and Honour (2004),415003,2.55,,
152882,Rudraksh (2004),366985,1.7142857142857142,,
152884,Vaastu Shastra,416282,1.75,,
152886,Deewaar: Let's Bring Our Heroes Home (2004),387989,2.6875,,
152888,Asambhav (2004),368580,1.5,"bollywood, double cross, kidnapping, secret agent, shootout, switzerland",
152890,Ek Hasina Thi (2004),352314,1.7,"framed for a crime, framed for murder, revenge",
152892,Bardaasht (2004),409724,2.3333333333333335,,
152894,Lakeer - Forbidden Lines (2004),426075,1.0,,
152896,Taarzan: The Wonder Car (2004),435437,2.2666666666666666,"hindi, india, indian",
152898,Plan (2004),364604,1.4,,
152900,Dil Ne Jise Apna Kahaa (2004),396563,0.6666666666666666,,
152902,Rakht (2004),418096,1.6666666666666667,,
152904,Run (2004),411815,2.6666666666666665,,
152978,Kaal (2005),415908,2.0,,
152980,Deewane Huye Paagal (2005),444781,2.4285714285714284,"dubai, scientist",
152982,Kyaa Kool Hai Hum (2005),456500,2.0,bollywood,
152984,No Entry (2005),451833,3.107142857142857,bollywood,
152986,Bose: The Forgotten Hero (2005),349878,2.75,,
152988,Maine Pyaar Kyun Kiya (2005),451803,2.4375,bollywood,
152990,Vaah! Life Ho Toh Aisi! (2005),475645,2.3,,
152992,Naina (2005),443594,2.125,"horror, surgery",
152994,Kalyug (2005),499041,3.0,,
152996,Shikhar (2005),475627,1.5,,
152998,Chocolate: Deep Dark Secrets (2005),454431,2.1666666666666665,,
153000,Kyon Ki... (2005),451787,2.1,,
153006,Karam (2005),444849,1.875,bollywood,
153008,Tango Charlie (2005),444913,3.0,,
153012,Aashiq Banaya Aapne (2005),477253,1.0,,
153020,Waqt: The Race Against Time (2005),390614,2.4375,"Vipul Amrutlal Shah, bollywood",
153028,Zeher (2005),451983,2.25,"adultery, infidelity",
153030,Socha Na tha (2005),451919,3.625,"comedy, friendship, romance",
153032,Dus (2005),415768,2.0,,
153034,D (2005),454435,0.5,"criminal underworld, organized crime",
153042,Elaan (2005),416712,0.5,,
153046,Page 3 (2005),443708,3.5,bollywood,
153052,Chaahat Ek Nasha... (2005),447890,1.5,,
153260,Silent Waters (2003),357283,3.3333333333333335,woman director,
153538,Gangster (2006),495032,2.9,,
153540,Bhoot Unkle (2006),897413,0.5,,
153542,Naksha (2006),813540,2.4166666666666665,,
153546,Woh Lamhe (2006),833561,2.0,,
153548,Fight Club: Members Only (2006),456413,1.5,,
153550,Pyaar Ke Side Effects (2006),480572,3.1,bollywood,
153552,Malamaal Weekly (2006),476805,2.9642857142857144,,
153554,36 China Town (2006),477252,2.9166666666666665,bollywood,
153556,Corporate (2006),488381,2.75,,
153558,Tom  Dick And Harry (2006),476888,0.875,,
153560,Shiva (2006),831816,0.5,"police corruption, whistleblower",
153562,Jaane Hoga Kya (2006),827714,0.5,"clone, doctor",
153766,Welcome (2007),488798,3.25,bollywood,
153768,No Smoking (2007),995740,3.3,"chain smoking, cigarette, cigarette smoking, smoking",
153770,Dil Dosti Etc (2007),1099196,2.0,,
153772,Dus Kahaniyaan (2007),823451,2.75,woman director,
153774,The Train: Some Lines Shoulder Never Be Crossed... (2007),995827,0.5,,
153776,Awarapan (2007),1020937,2.1666666666666665,,
153778,Good Boy  Bad Boy (2007),489486,1.5833333333333333,"hindi, india, indian",
153780,Bheja Fry (2007),1014672,3.53125,bollywood,
153782,MP3: Mera Pehla Pehla Pyaar (2007),860454,2.75,,
153784,Dhol (2007),995035,2.4375,"friendship, remake",
153790,Bachna Ae Haseeno (2008),1182972,3.142857142857143,bollywood,
153792,Fashion (2008),964516,3.022727272727273,"black money, drug abuse, drug use, sexual obsession",
153794,Camaraderie (2008),1185420,3.342857142857143,"Bollywood, Hindi, bollywood, miami",
153796,Krazzy 4 (2008),1182908,1.2857142857142858,,
153798,Bhoothnath (2008),991346,3.4210526315789473,"flashback, ghost",
153800,Halla Bol (2008),892874,2.7,"Social commentary, bollywood",
153804,Golmaal Returns (2008),1092005,2.3181818181818183,"bollywood, stupidity",
153806,Jannat (2008),1216300,3.1875,,
153816,Tashan (2008),995752,1.4166666666666667,,
153824,Karzzzz (2008),1156148,1.1666666666666667,musical,
153826,Y.M.I. - Yeh Mera India (2009),1002963,4.25,,
153961,99 (2009),1370429,4.5,bollywood,
153963,The Stoneman Murders (2009),1183946,4.0,,
153996,All The Best (2009),1433905,2.375,"bollywood, debt, mistaken identity, plan gone wrong",
154015,Kisna (2005),396690,3.3333333333333335,Bittersweet,
154075,Dabangg (2010),1620719,2.6666666666666665,"bollywood, fight, hindi, india, police officer",
154077,Khatta Meetha (2010),1455811,2.590909090909091,"akshay  kumar, bollywood",
154085,Kaalo (2010),1808221,1.5,,
154154,Shor in the City (2011),1916728,5.0,,
154158,No One Killed Jessica (2011),1734110,3.727272727272727,candlelight vigil,
154160,Bodyguard (2011),1729637,2.75,"college, diary, lie, railway, remake, train",
154162,Thank You (2011),1720254,1.5714285714285714,"affair, cheating, comedy, couples, drama, foerign, romance",
154164,404: Error Not Found (2011),1883121,3.0,,
154168,1920: Evil Returns (2012),2222550,2.0,"poetry, possessed",
154170,Ghost (2012),2175671,0.5,,
154276,Aligarh (2016),5121000,3.25,"Acting, Direction, Hansal Mehta, Homosexuality, Manoj Bajpai, Rajkumar Rao, Real Events, Screenplay, Surreal, Thought provoking, indian lgbt",
154344,Commando - A One Man Army (2013),2658126,1.6666666666666667,"army, commando, martial arts",
154346,Boss (2013),2571140,2.0,"remake, sibling relationship",
154348,Jolly LLB (2013),2621000,3.4,"Debate, Law and Justice, lawyer",
154350,Shuddh Desi Romance (2013),2988272,1.8,,
154352,Ek Thi Daayan (2013),2406676,2.0,"drama, dream, horror, magic, surreal, witch",
154458,Singham Returns (2014),2309764,2.5,,
154460,Raja Natwarlal (2014),3483712,1.25,,
154462,Dedh Ishqiya (2014),2675978,2.9166666666666665,,
154464,Sulemani Keeda (2014),2679480,3.75,bollywood,
154466,Darr @ the Mall (2014),3449320,2.5,,
154468,She Smiles  She's Snared! (2014),3173910,2.9615384615384617,,
154470,2 States (2014),2372678,3.125,"love, wedding",
154472,Heropanti (2014),3142232,2.5833333333333335,,
154478,Roar (2014),3796006,1.0,,
154480,Creature (2014),3619854,0.8333333333333334,"creature, forest, monster, resort",
154482,Hunterrr (2015),4333674,3.0,,
154828,Hate Story 3 (2015),4865436,2.0833333333333335,,
154949,Holi (1985),87417,1.5,,
155090,Roja (1992),105271,3.9375,"kashmir, military, terrorism",
155285,Dil Dhadakne Do (2015),4110568,3.096774193548387,"talking animal, woman director",
155460,Jackpot (2013),3309662,,"casino, gambling",
155575,Force (2011),1992138,2.9,,
155758,Irudhi Suttru (2016),5310090,4.0,"Sudha Kongara Prasad, corruption, female boxing, sport",
156375,Raghu Romeo (2003),377131,4.0,"Bollywood, Comedy, Drama, Vijay Raaz",
156545,Angry Indian Goddesses (2015),3368222,3.9,"bachelorette party, female friendship, india, photographer, policeman, rape and murder",
156587,Hate Story (2012),2309987,3.5833333333333335,"erotic thriller, government corruption, journalism, prostitution, revenge, spying",
156589,Hate Story 2 (2014),3619772,3.1,"erotic thriller, rape revenge",
156821,Yakeen (1969),158375,,"intelligence agency, secret agent, secret service",
157106,Fan (2016),3495026,2.8658536585365852,"Acting, Maneesh Sharma, Psycho, Screenplay, Shahrukh Khan, Stunt, fan culture, obsession",
157178,Ardh Satya (1983),85178,3.6666666666666665,,
157332,Ghayal Once Again (2016),4683366,2.5,,
158408,Ajab Prem Ki Ghazab Kahani (2009),1252596,3.3947368421052633,"bollywood, hindi, india, indian, romantic comedy",
158691,Kick (2014),2372222,2.625,"hindi, india, indian, remake",
158695,Teri Meri Kahaani (2012),2354407,2.1666666666666665,,
158697,Aitraaz (2004),418460,2.7777777777777777,"bollywood, ex-girlfriend, false accusations, flashback, lawyer, sexual harassment",
158876,Singh is Bling (2015),3696192,2.75,"India, gangster, gangster comedy, india, misunderstanding, punjab, redemption",
159065,Jai Gangaajal (2016),4979082,2.9166666666666665,"gang, police woman",
159207,Gulaab Gang (2014),2573750,3.7,"rebellion, role of women",
159215,Umrika (2015),2614722,3.6666666666666665,,
159437,Azhar (2016),4906984,2.4,,
159606,Kapoor and Sons (2016),4900716,3.875,Shakun Batra,
160273,Aarakshan (2011),1848771,3.75,"affirmative action, demonstration, education, loan, mathematics, parent child relationship, politics, prejudice, social activism, teacher, tutor",
160277,Chakravyuh (2012),2292625,3.0,,
160279,Dasvidaniya (2008),1288638,4.2,,
160281,Do Dooni Chaar (2010),1714832,3.8333333333333335,,
160283,Dum Maaro Dum (2011),1618430,3.5,"drug bust, goa, rave party",
160301,Udta Punjab (2016),4434004,2.8378378378378377,"Abhishek Chaubey, Adult, Alia Bhatt, Comedy, Entertainment, Not realistic, Shahid Kapoor, drugs, punjab, rockstar, singer",
160436,Te3n (2016),4814290,3.6578947368421053,"Ribhu Dasgupta, based on movie, suspense",
160444,Ghanchakkar (2013),2246724,3.5,,
160446,Khichdi: The Movie (2010),1738293,3.3333333333333335,,
160448,Love Sex aur Dhokha (2010),1608777,3.75,,
160450,Mirch (2010),1388903,3.0,,
160452,Miss Lovely (2012),1629715,2.0,,
160454,Oye Lucky! Lucky Oye! (2008),1292703,2.95,,
160456,Phas Gaye Re Obama (2010),1773015,3.3,,
160458,Saheb Biwi Aur Gangster Returns (2013),2362778,2.6666666666666665,,
160460,Shamitabh (2015),3836958,2.5,deaf-mute,
160462,Stanley's Tiffin Box (2011),1907761,2.875,"child labour, lunch break, school",
160464,Tere Naal Love Ho Gaya (2012),2130242,2.6,,
160555,Raman Raghav 2.0 (2016),5662932,3.3863636363636362,"Acting, Anurag Kashyap, Cinematography, Crime, Dark, Direction, Gritty, Nawazuddin Siddiqui, Screenplay, Serial Killer, Soundtrack, Vicky Kaushal, inspired by a true story, murder investigation, psychopathic killer, serial killer",
161034,Sultan (2016),4832640,3.36734693877551,"Ali Abbas Zafar, Salman Khan, sport, wrestling",
161094,Nil Battey Sannata (2016),5005684,3.5833333333333335,"daughter, family, india, woman director",
161105,Kismat Konnection (2008),1105733,2.5454545454545454,,
161177,Brahman Naman (2016),5240748,2.7857142857142856,"1980s, bangalore, comedy, india, loss of virginity, sexuality, virginity",
161608,Madaari (2016),5713232,4.071428571428571,,
162542,Rustom (2016),5165344,3.3,"bollywood, whatisit, whatisitcantsayit, whattheshit",
162648,Baaghi (2016),4864932,3.125,"kalaripayattu, kidnapping, martial arts, rebel",
162656,Dishoom (2016),3679060,3.0,,
162668,Ki and Ka (2016),4744086,2.9375,"faithful husband, married",
162672,Mohenjo Daro (2016),3859980,2.125,"Ashutosh Gowariker, bollywood",
162744,Matru Ki Bijlee Ka Mandola (2013),2106537,2.3333333333333335,"class warfare, delirium tremens, farmland, india, rich vs poor",
162844,Race 2 (2013),1375789,2.611111111111111,"mystery, sequel, suspense, thriller",
163046,Hattrick (2007),979891,3.0,,
163312,Dhamaal (2007),845448,4.0,"Indra Kumar, bollywood",
163454,Himmatwala (2013),2344678,1.25,"hindi, india, indian",
163456,Tees Maar Khan (2010),1572311,1.25,"con man, director, erotic dance, female protagonist, hindi, india, indian, money, police, savior, sex, thief, train, village, wealth, woman director",
163458,Rascals (2011),1830786,2.0,"hindi, india, indian",
163460,God Tussi Great Ho (2008),476550,2.5625,"hindi, india, indian",
163466,Housefull (2010),1573072,3.142857142857143,,
163470,Murder 2 (2011),1918965,3.2857142857142856,,
163472,Murder 3 (2013),2429640,3.1666666666666665,"indian, suspence",
163591,Rainbow (2015),4088588,3.5,,
164431,Colors of Passion (2014),1239276,4.0,"19th century, biography, bollywood, goddess, gods, india, painter, raja ravi varma",
164443,Freaky Ali (2016),5943306,1.0,"golf, sport",
165607,Naughty @ 40 (2011),1363125,0.5,,
165723,Ae Dil Hai Mushkil (2016),4559006,2.909090909090909,"bollywood, break-up, heartbreak, love, rebound, relationship",
165901,Happy Bhag Jayegi (2016),5472758,3.9,"comedy, romance",
166151,Rock On 2 (2016),2137241,2.0,,
166818,Army (1996),115568,1.0,,
167038,Dear Zindagi (2016),5946128,3.657142857142857,"great pacing, life, psychology, yolo",
167392,Dangal (2016),5074352,3.946327683615819,"Writer: Nikhil Mehrotra, Writer: Nitesh Tiwari, Writer: Piyush Gupta, Writer: Shreyas Jain, abusive father, autobiography, biography, bollywood, determination, domestic abuse, empowerment, endurance, female empowerment, feminism, fighting, overcoming fears, parent child relationship, sport, strength training, strong woman, training, woman empowerment, woman power, woman vs woman fight, womanhood, wrestling","bollywood, sports, mentor, father daughter relationship, indians"
167466,Sahib Bibi Aur Ghulam (1962),56436,4.0,"Drama, Musical, zamindar",
167840,Rangoon (2017),4909752,1.8125,"love triangle, world war ii",
167988,Buddha in a Traffic Jam (2016),1890363,4.0,,
168168,Margarita  with a Straw (2014),2929690,3.2083333333333335,"Kalki Koechlin, Writer: Atika Chohan, Writer: Nilesh Maniyar, Writer: Shonali Bose, bisexual woman, cerebral palsy, indian lgbt, lgbt",
168406,Mughal-E-Azam (1960),54098,2.7857142857142856,,
168656,Ok Jaanu (2017),5764024,3.0,"friends with benefit, living together, love sickness, urban life",
168962,Pink (2016),5571734,3.8529411764705883,,
169074,Chittagong (2012),1785333,,freedom fighter,
169482,Parched (2015),3043252,3.0,"campfire, cave, female protagonist, fight, fire, fireworks, mobile phone, motorcycle, pregnancy, prostitution, rural setting, sheep, teenage girl, teenage marriage, televison, tradition, woman director",
169888,Kaabil (2017),5460276,3.65,"blind man, murder, revenge",
170459,A Flying Jatt (2016),5235880,3.5,,
170637,Viceroy's House (2017),4977530,3.4642857142857144,"British Empire, Downton Abbey, Gandhi, Hindu, India, Jawaharlal Nehru, Lord Mountbatten, Mohamed Ali Jinnah, Muslim, Pakistan, Sikh, colonial india, colonialism, drama, empire, history, independence, love story, might like, palace, partition, religious conflict, servant, symbolic characters",
170989,Horror Story (2013),3177332,2.8333333333333335,,
171737,Kabhi Alvida Naa Kehna (2006),449999,2.65,"adultery, extramarital affair",
171751,Munna bhai M.B.B.S. (2003),374887,3.4324324324324325,"hospital, medicine",
172387,Kill Dil (2014),3380264,4.0,,
173175,Badrinath Ki Dulhania (2017),6277440,3.2857142857142856,,
173827,Fanaa (2006),439662,3.433333333333333,"blindness and impaired vision, kashmir conflict, musical, new delhi india, tourist guide",
173987,Shree 420 (1955),48613,4.0,,
174661,Tubelight (2017),5882970,1.0714285714285714,history,
175559,Aiyyaa (2012),2255934,0.6666666666666666,,
175571,Welcome to Sajjanpur (2008),1221139,3.6666666666666665,"rural setting, writer",
175597,3 A.M (2014),3720634,1.5,"hindi, horror movie",
175697,Kyaa Super Kool Hain Hum (2012),2027138,2.0,,
176063,Phillauri (2017),5502766,3.0,"bad luck, spirit",
176249,Mom (2017),5690142,3.5,"physical abuse, revenge, sexual assault, strong female lead",
176331,Jab Harry met Sejal (2017),5997666,2.05,"engagement ring, lost ring",
176697,Lipstick Under My Burkha (2017),4807830,3.142857142857143,"feminism, india, islam, masturbation, muslim, patriarchy, rural setting, sex, sexuality, small town, social drama, social satire, women",
177095,Hindi Medium (2017),5764096,3.9,education system,
177815,Mujhse Fraaandship Karoge (2011),2057441,4.0,,
178079,Anand (1971),66763,3.375,"beach, cancer, doctor, hospital, joy of life, nurse, tape recorder, terminal illness",
178329,Umrao Jaan (2006),485522,2.3333333333333335,,
178331,Kuch Naa Kaho (2003),369637,2.5,independent film,
178397,Jai Ho (2014),1188982,3.1,"political correctness, war of independence",
178489,Baar Baar Dekho (2016),5197544,2.1666666666666665,woman director,
178673,Half Ticket (1962),56052,4.0,,
178903,The Deliverance (1981),83018,3.0,"marriage proposal, physical work, shoemaker",
178933,Newton (2017),6484982,3.9,"Direction, Rajkumar Rao, acting, communist, democracy, election, government employee, honesty, jungle, rebel, screenplay, social commentary, voting",
179389,Chef (2017),5745450,2.9166666666666665,"chef, father son reunion",
179397,Secret Superstar (2017),6108090,3.5,"abusive marriage, father daughter relationship, violent husband, young singer",
179697,Meri Pyaari Bindu (2017),5472374,2.5,writer's block,
180269,Hotel Salvation (2016),5997928,2.5,"father, son",
180359,Armaan (2003),331851,0.5,woman director,
180601,Dum (2003),314006,3.5,,
180845,Phool Aur Patthar (1966),139525,2.0,,
180885,Satya (1998),195231,3.8333333333333335,"crime boss, criminal underworld, mafia",
181035,Youngistaan (2014),3514330,1.5,politics,
181051,Dulhan Hum Le Jayenge (2000),247992,3.5,,
181079,Tumhari Sulu (2017),6791730,3.5,"bored housewife, radio jockey",
181197,Zubeidaa (2001),255713,,"actress, biography, india",
181245,Toilet - Ek Prem Katha (2017),5785170,3.2777777777777777,"inequality, social drama, toilet",
181251,Gol Maal (1979),79221,3.9166666666666665,"Bollywood, bollywood, company, famous theme, football, forbidden love, india, musical, twins",
181637,Frangi,7549484,1.0,,
181751,Lagaan: Once Upon a Time in India (2001),169102,3.980769230769231,"19th century, arrogance, based on supposedly true story, bollywood, british, drought, sport",
182339,Zokkomon (2011),1605790,2.5,,
182395,Judwaa 2 (2017),5456546,2.3333333333333335,"twin brothers, twins",
182563,Golmaal Again (2017),1806913,3.0,"bollywood, slapstick, supernatural",
182705,Action Replayy (2010),1396208,2.357142857142857,,
183231,Trapped (2017),6206564,4.083333333333333,"Survival Story, claustrophobia, survival, trapped in a building",
183383,Fukrey (2013),2806788,3.625,,
183385,Fukrey Returns (2017),6712014,3.5,,
183717,Om-Dar-Ba-Dar (1988),246825,2.5,,
183813,Dil Hai Tumhaara (2002),328998,2.8333333333333335,,
183979,M.S. Dhoni: The Untold Story (2016),4169250,3.5833333333333335,"biography, cricket, sport",
184165,Padmaavat (2018),5935704,3.261904761904762,"ancient culture, ancient india, bollywood, hindi, historical",
184193,Raees (2017),3405236,3.0,"Shahrukh Khan, bootlegger, bootlegging",
184195,Humpty Sharma Ki Dulhania (2014),3678938,5.0,,
184197,Main Tera Hero (2014),2762334,3.5,coming of age,
184199,Any Body Can Dance 2 (2015),3679000,2.5,dance,
184203,Mr. X (2015),3848938,4.0,,
184205,Ungli (2014),2392447,4.0,"drama, thriller",
184209,Raaz: The Mystery Continues... (2009),1340838,4.0,,
184211,Shaadi Mein Zaroor Aana (2017),7469726,4.2,kriti kharbanda,
184213,Bareilly Ki Barfi (2017),6967980,3.75,love triangle,
184215,Behen Hogi Teri (2017),6537508,3.5,,
184217,Raabta (2017),5542802,3.0,,
184219,Break Ke Baad (2010),1578261,3.25,,
184221,Love Aaj Kal (2009),1275863,3.625,,
184223,Heyy Babyy (2007),806088,3.2,"baby, bollywood",
184225,What's Your Raashee? (2009),1242530,1.0,,
184229,Tiger Zinda Hai (2017),5956100,2.0,"bollywood, hostage, hostage situation, iran hostage crisis",
184231,Jagga Jasoos (2017),4129428,,detective,
184233,Ek Tha Tiger (2012),2016894,2.0,"istanbul turkey, pakistani, secret agent, spy",
184235,Qarib Qarib Singlle (2017),7399470,3.75,,
184351,Pushpak (1987),251355,1.75,silent movie,
184551,Aiyaary (2018),6774212,2.0,,
184583,Love Per Square Foot (2018),7853242,3.6875,"feel good, heartfelt, romance",
184779,Simran (2017),6405126,3.0,"bank robbery, maid",
184781,Sachin: A Billion Dreams (2017),4640206,4.0,"biography, cricket, cricket the game, indian cricket team, sachin, sport",
184941,Sonu Ke Titu Ki Sweety (2018),7581902,3.625,,
184993,Shubh Mangal Saavdhan (2017),6971752,3.75,,
184995,City Lights (2014),3709344,4.25,,
185211,Heroes (2008),1114725,2.75,foreign,
185225,Taxi Driver (1954),47561,2.5,taxi driver,
185459,Trimurti (1995),114726,,bollywood,
185601,Raid (2018),7363076,3.566666666666667,"based on a true story, income tax, raid",
186637,Bobby Jasoos (2014),3359290,2.0,detective,
186749,Hichki (2018),6588966,4.75,education,
186785,A Gentleman (2017),5613834,4.0,,
186821,Johnny Gaddaar (2007),1077248,3.5,"deception, woman between two men",
187661,Daddy (2017),6926486,2.25,"criminal underworld, don, gangster, mumbai don",
187663,Mukkabaaz (2018),7180544,3.75,"boxing, boxing match, caste politics, realistic",
188691,Lajja (2001),293342,,"drama, marriage",
189053,Chamku (2008),1266545,1.5,spy,
189319,Dude  Where's the Party? (2004),306228,,"indian lead, party",
189687,Commando (1988),363525,1.25,,
189861,Hate Story IV (2018),5325684,2.0,,
189875,Revolver Rani (2014),3290688,2.0,,
190307,October (2018),7700730,4.0,,
190665,U Me Aur Hum (2008),1039995,4.0,,
190763,Race 3 (2018),7431594,0.5,,
190765,Sanju (2018),6452574,3.375,,
190767,Baaghi 2 (2018),6843812,0.5,,
190769,Rocky Handsome (2016),3410408,3.1666666666666665,,
190823,Parmanu: The Story of Pokhran (2018),6826438,3.7,,
191307,Phata Poster Nikhla Hero (2013),2615584,3.5,,
191311,Force 2 (2016),5156746,4.0,,
191377,Dhadak (2018),7638344,2.625,,
192515,Ramaiya Vastavaiya (2013),2357926,4.5,,
192773,Wajah Tum Ho (2016),5638474,3.5,,
193073,Stree (2018),8108202,4.0,,
193139,Satyameva Jayate (2018),8202612,1.5,,
193635,Manto (2018),6923462,4.0,,
193843,Raazi (2018),7098658,4.0,,
